{"cameraMode":{"drawMode":0,"name":"Shaded","section":"Shading Mode"},"sceneLighting":false,"audioPlay":false,"sceneViewState":{"m_AlwaysRefresh":false,"showFog":true,"showSkybox":true,"showFlares":true,"showImageEffects":true,"showParticleSystems":true,"showVisualEffectGraphs":true,"m_FxEnabled":true},"in2DMode":false,"pivot":{"x":73.22544860839844,"y":1.115157961845398,"z":6.1615118980407719},"rotation":{"x":0.0008419319638051093,"y":-0.9978871941566467,"z":0.0641508474946022,"w":0.01317007839679718},"size":1.8566902875900269,"orthographic":false}